n_total,n_fd,n_nofd,n_train_full,n_train_quantum,n_test,n_qubits,reps,C,min_magn,auc_rbf_full,acc_rbf_full,auc_rbf_sub,acc_rbf_sub,auc_qsvm,acc_qsvm,delta_auc_fair,delta_auc_full
130,65,65,97,97,33,4,2,1.0,5.0,0.8897058823529411,0.8484848484848485,0.8897058823529411,0.8484848484848485,0.9448529411764706,0.9393939393939394,0.05514705882352944,0.05514705882352944
