n_total,n_fd,n_nofd,n_train_full,n_train_quantum,n_test,n_qubits,reps,C,min_magn,auc_rbf_full,acc_rbf_full,auc_rbf_sub,acc_rbf_sub,auc_qsvm,acc_qsvm,delta_auc_fair,delta_auc_full
380,190,190,285,200,95,8,2,1.0,3.0,0.9175531914893617,0.8842105263157894,0.9029255319148936,0.8736842105263158,0.8772163120567376,0.8736842105263158,-0.025709219858155996,-0.040336879432624095
