n_total,n_fd,n_nofd,n_train_full,n_train_quantum,n_test,n_qubits,reps,C,min_magn,auc_rbf_full,acc_rbf_full,auc_rbf_sub,acc_rbf_sub,auc_qsvm,acc_qsvm,delta_auc_fair,delta_auc_full
214,107,107,160,100,54,4,3,1.0,4.0,0.8010973936899863,0.7777777777777778,0.7997256515775034,0.7592592592592593,0.9396433470507545,0.9074074074074074,0.13991769547325106,0.13854595336076814
