n_total,n_fd,n_nofd,n_train_full,n_train_quantum,n_test,n_qubits,reps,C,min_magn,auc_rbf_full,acc_rbf_full,auc_rbf_sub,acc_rbf_sub,auc_qsvm,acc_qsvm,delta_auc_fair,delta_auc_full
214,107,107,160,160,54,6,1,1.0,4.0,0.8532235939643347,0.8518518518518519,0.8532235939643347,0.8518518518518519,0.9272976680384089,0.9074074074074074,0.07407407407407418,0.07407407407407418
