n_total,n_fd,n_nofd,n_train_full,n_train_quantum,n_test,n_qubits,reps,C,min_magn,auc_rbf_full,acc_rbf_full,auc_rbf_sub,acc_rbf_sub,auc_qsvm,acc_qsvm,delta_auc_fair,delta_auc_full
130,65,65,97,50,33,4,3,1.0,5.0,0.8897058823529411,0.8484848484848485,0.9172794117647058,0.48484848484848486,0.9779411764705882,0.9696969696969697,0.06066176470588236,0.08823529411764708
