n_total,n_fd,n_nofd,n_train_full,n_train_quantum,n_test,n_qubits,reps,C,min_magn,auc_rbf_full,acc_rbf_full,auc_rbf_sub,acc_rbf_sub,auc_qsvm,acc_qsvm,delta_auc_fair,delta_auc_full
5942,2971,2971,4456,50,1486,4,3,1.0,0.0,0.8613266213687553,0.8223418573351279,0.8523799517796428,0.8088829071332436,0.6546773927676709,0.6029609690444145,-0.19770255901197187,-0.20664922860108437
